entry_time,exit_time,side,entry_price,exit_price,quantity,leverage,pnl,pnl_pct
2026-01-29 22:55:07.112314,2026-01-29 23:05:07.112314,LONG,101.90275698250562,101.45890532168133,48.286151873641025,5,-23.39151274844807,-0.23391512748448068
2026-01-29 23:35:07.112314,2026-01-29 23:45:07.112314,SHORT,102.84484698412764,103.26775553234684,47.72237667238357,5,-22.15347412713795,-0.2220541595417562
2026-01-30 00:00:07.112314,2026-01-30 00:00:07.112314,SHORT,102.82617794272116,101.61119874168894,47.625052348036064,5,55.92775258724674,0.5618364090601544
2026-01-30 01:30:07.112314,2026-01-30 01:30:07.112314,SHORT,102.60220290213255,103.01243106214159,47.99717423801735,5,-21.667514714243733,-0.21645041175109692
2026-01-30 01:55:07.112314,2026-01-30 02:10:07.112314,SHORT,104.52878762739566,103.16847347985153,53.125750647577526,5,70.07534916608874,0.7015451677741179
2026-01-30 02:25:07.112314,2026-01-30 02:30:07.112314,SHORT,105.09888558107471,105.53951089812527,53.20825500684969,5,-25.691133515766488,-0.25540976581567243
2026-01-30 02:50:07.112314,2026-01-30 02:50:07.112314,SHORT,107.00732905239565,107.42113312170119,52.12582645058482,5,-23.809645238057218,-0.23731096574100338
2026-01-30 03:25:07.112314,2026-01-30 03:45:07.112314,SHORT,109.43343136996829,109.94581723810238,44.996104695165954,5,-25.034221568181465,-0.25010986808108737
2026-01-30 04:25:07.112314,2026-01-30 04:30:07.112314,SHORT,111.2273851448674,111.66450015809023,44.159651180770034,5,-21.27527266030066,-0.21308822122541013
2026-01-30 05:05:07.112314,2026-01-30 05:15:07.112314,SHORT,112.11646170748801,110.81462471644032,50.82442647485333,5,63.91228253525212,0.6414976285849462
2026-01-30 05:30:07.112314,2026-01-30 05:30:07.112314,LONG,110.81262338894588,110.44565094047722,44.52312684431092,5,-18.30571516202757,-0.18256618350822482
2026-01-30 05:55:07.112314,2026-01-30 05:55:07.112314,SHORT,113.28161533679489,113.6799737764265,43.46453142468823,5,-19.290881634683068,-0.19274330969918488
2026-01-30 06:25:07.112314,2026-01-30 07:45:07.112314,SHORT,115.01149769999999,113.6731238987781,42.72826859285981,5,55.24357294836118,0.5530276896080707
2026-01-30 07:50:07.112314,2026-01-30 07:55:07.112314,LONG,112.91781200780638,112.53998781788087,49.46360885701106,5,-20.91520152247082,-0.20822459151733447
2026-01-30 09:15:07.112314,2026-01-30 09:25:07.112314,LONG,113.10364725461034,114.42548647086964,43.60704963222766,5,55.64560516215367,0.5551445567838519
2026-01-30 11:10:07.112314,2026-01-30 11:10:07.112314,LONG,113.93918311505612,113.63869431148161,49.18970250926032,5,-17.016896281882712,-0.1688306424929264
2026-01-30 12:10:07.112314,2026-01-30 12:20:07.112314,LONG,113.67849099543038,114.48308088002071,49.21926858908164,5,37.34741623101384,0.3711635543748826
2026-01-30 12:45:07.112314,2026-01-30 12:55:07.112314,LONG,113.28151449938632,114.19964362030102,49.575073619595685,5,43.25173646571767,0.4282519533838812
2026-01-30 14:05:07.112314,2026-01-30 14:10:07.112314,LONG,113.32411803738181,114.30832251368552,44.03989565291076,5,41.33061179923857,0.4074851017952392
2026-01-30 15:25:07.112314,2026-01-30 15:30:07.112314,LONG,113.50076254097098,113.21608082175521,49.893690427111075,5,-16.463328803965897,-0.16165586413722957
2026-01-30 16:30:07.112314,2026-01-30 16:35:07.112314,SHORT,115.01149769999999,113.92647407466534,43.491458301623254,5,45.2073283588506,0.44461620160033816
2026-01-30 17:10:07.112314,2026-01-30 17:15:07.112314,SHORT,114.71484378474686,115.093209906766,43.79779784389892,5,-18.58793457945528,-0.18200399199188708
2026-01-31 01:50:07.112314,2026-01-31 01:50:07.112314,LONG,113.4114309623075,113.18840727388991,62.92796756955315,5,-16.88351400085702,-0.16561656551624473
2026-01-31 02:15:07.112314,2026-01-31 02:15:07.112314,SHORT,114.52828460192737,114.89686279101522,43.71677570894383,5,-18.122218175680924,-0.17806236871542394
2026-01-31 02:40:07.112314,2026-01-31 02:45:07.112314,SHORT,114.53080842803388,114.85243486522907,43.637970945465725,5,-16.0398960078834,-0.1578833542229871
2026-01-31 03:10:07.112314,2026-01-31 04:35:07.112314,SHORT,115.04599424999999,114.11331004621772,50.4266454986539,5,44.73039513337151,0.44098493294647084
2026-01-31 04:40:07.112314,2026-01-31 04:40:07.112314,LONG,113.9348477907755,113.7136556118075,49.72234338666598,5,-13.259837249925642,-0.13015122121674266
2026-01-31 08:50:07.112314,2026-01-31 08:50:07.112314,LONG,111.35612328477339,112.35778784776247,58.1180157336711,5,55.602752158885295,0.5464770776551232
2026-01-31 09:20:07.112314,2026-01-31 09:25:07.112314,SHORT,115.01149769999999,113.77490714342912,43.75942524052725,5,52.121002196048835,0.5094734549673051
2026-01-31 10:30:07.112314,2026-01-31 10:35:07.112314,LONG,110.95583058068561,112.19888607306575,45.59913412781566,5,54.635785303344896,0.5313479324543235
2026-01-31 11:15:07.112314,2026-01-31 11:15:07.112314,LONG,109.7370467501946,110.92221071080289,46.35055750078982,5,52.87648778177215,0.511520330911542
2026-01-31 11:40:07.112314,2026-01-31 11:45:07.112314,SHORT,112.09319730206315,112.50160495139247,45.599276993692584,5,-20.675090266675923,-0.19899028398257795
2026-01-31 12:35:07.112314,2026-01-31 12:35:07.112314,SHORT,113.43493363210001,113.82734838436875,44.97025265808505,5,-19.694528402782836,-0.18993067342815964
2026-01-31 13:35:07.112314,2026-01-31 13:35:07.112314,LONG,110.89108549516867,112.14314322847612,45.92368509662436,5,55.43909450905667,0.5356625609812452
2026-01-31 19:40:07.112314,2026-01-31 20:05:07.112314,SHORT,115.01149769999999,113.69388485441524,44.506699729554796,5,56.618543440523794,0.5441438351358832
2026-01-31 20:10:07.112314,2026-01-31 20:10:07.112314,LONG,113.20025302879337,112.84325385754099,45.47397221895437,5,-18.286742792126294,-0.1747972503908344
2026-01-31 21:35:07.112314,2026-01-31 22:45:07.112314,SHORT,115.01149769999999,113.68987202108973,44.67066038019868,5,57.00645118766106,0.5458609732054462
2026-01-31 22:50:07.112314,2026-01-31 23:10:07.112314,LONG,113.47556626411584,114.4680164062558,45.53153892992797,5,43.10302030476483,0.41048902019697553
2026-01-31 23:35:07.112314,2026-01-31 23:35:07.112314,LONG,113.59989754452954,113.27342008087047,45.668403596712416,5,-16.978911081626876,-0.1610366004358325
2026-02-01 00:50:07.112314,2026-02-01 01:05:07.112314,SHORT,115.01149769999999,114.10276595773163,45.02624348724781,5,38.86172912293351,0.3691788536688755
2026-02-01 01:25:07.112314,2026-02-01 01:25:07.112314,LONG,113.85398772686038,113.58579753704527,51.60070638778936,5,-16.183246196148048,-0.15317220583481703
2026-02-01 01:50:07.112314,2026-02-01 01:50:07.112314,LONG,113.43752972012265,113.10655008378515,51.71081758895699,5,-19.454760472107466,-0.18441911862492683
2026-02-01 02:15:07.112314,2026-02-01 02:35:07.112314,LONG,111.1709946683311,110.80173377057622,52.66777990122551,5,-21.782424219844344,-0.20686543334875654
2026-02-01 02:40:07.112314,2026-02-01 02:45:07.112314,LONG,110.71097818731319,110.34130438809758,46.70214101883964,5,-19.32582796503163,-0.18391585073067293
2026-02-01 05:05:07.112314,2026-02-01 05:05:07.112314,LONG,108.74934014267048,108.38327027811471,47.45711974598944,5,-19.43004453204142,-0.18524833742252755
2026-02-01 06:25:07.112314,2026-02-01 06:30:07.112314,SHORT,109.18578300985325,109.55543984426632,47.17042463439119,5,-19.503980495653675,-0.18629836625058901
2026-02-01 06:55:07.112314,2026-02-01 07:30:07.112314,SHORT,109.78766683774492,108.72669282190847,46.82442844334011,5,47.64307578560887,0.45592711538690617
2026-02-01 07:40:07.112314,2026-02-01 07:45:07.112314,LONG,107.37803084157729,107.00006979930019,48.10309612146698,5,-20.239910203848613,-0.1928095964871435
2026-02-01 08:45:07.112314,2026-02-01 09:00:07.112314,SHORT,108.66439914015757,107.68141590551234,47.432515155103424,5,44.58232701777807,0.42552096993051974
2026-02-01 09:10:07.112314,2026-02-01 09:50:07.112314,LONG,106.58550426223242,106.24017897578676,48.57314736615727,5,-18.837703975624507,-0.17903671825300113
2026-02-01 09:55:07.112314,2026-02-01 10:00:07.112314,LONG,105.94006732997015,105.63929461671016,63.05912120794854,5,-21.631071414928073,-0.2059540873355073
2026-02-01 10:25:07.112314,2026-02-01 10:25:07.112314,SHORT,106.87429873262433,107.20177553508002,48.24592521490479,5,-17.868240859041656,-0.17047847499771562
2026-02-01 11:25:07.112314,2026-02-01 11:25:07.112314,LONG,104.39837262494335,104.0466642499916,49.31579481555538,5,-19.397235632191407,-0.18538244497962741
2026-02-01 11:50:07.112314,2026-02-01 11:50:07.112314,LONG,102.43545967427002,103.78828458625107,64.85083990811302,5,85.0395288193736,0.8142456785608099
2026-02-01 12:35:07.112314,2026-02-01 12:35:07.112314,SHORT,105.71143318471984,106.11613885840399,48.998975335625005,5,-21.909996151290965,-0.20809182230155754
2026-02-01 13:00:07.112314,2026-02-01 13:00:07.112314,SHORT,106.86395156056308,107.24724498681486,62.5266368512477,5,-26.64837268695064,-0.2536226748412495
2026-02-01 13:25:07.112314,2026-02-01 13:25:07.112314,SHORT,108.92385483640881,109.30779448433965,61.18858749108879,5,-26.16808055721951,-0.2496848096841556
2026-02-01 14:05:07.112314,2026-02-01 14:15:07.112314,LONG,107.24759147121075,108.26526971938401,47.96395705572081,5,46.73474349294454,0.4470394398166675
2026-02-01 14:30:07.112314,2026-02-01 14:30:07.112314,SHORT,109.51739888063543,109.85710711346474,47.17041692005512,5,-18.096981191402996,-0.17233558825181247
2026-02-02 00:05:07.112314,2026-02-02 00:15:07.112314,LONG,114.40733703141092,115.06566333086724,50.950261383891714,5,31.19684678398224,0.2975970525049004
2026-02-02 01:50:07.112314,2026-02-02 01:50:07.112314,LONG,114.0502908115636,113.8283410385968,51.261867600158574,5,-13.711581214695597,-0.13041121395468055
2026-02-02 02:40:07.112314,2026-02-02 02:40:07.112314,LONG,113.37230908272322,113.12461958614182,51.50116949247569,5,-15.086718827775808,-0.14367755604581697
2026-02-02 03:20:07.112314,2026-02-02 03:25:07.112314,LONG,111.15216142165298,112.20475554299671,46.416463671980146,5,46.77443761089717,0.4460947811626108
2026-02-02 04:20:07.112314,2026-02-02 04:20:07.112314,LONG,110.49290824940452,111.53394612474601,46.90170318985199,5,46.73399662396628,0.44372963470143006
2026-02-02 04:50:07.112314,2026-02-02 04:55:07.112314,SHORT,113.08828355085983,113.43160220030941,52.005714386494525,5,-20.21416822940489,-0.19108146255521902
2026-02-02 05:15:07.112314,2026-02-02 05:50:07.112314,SHORT,115.01149769999999,113.78202035035463,64.25693678670545,5,76.07793470120178,0.7205299627497594
2026-02-02 06:05:07.112314,2026-02-02 06:05:07.112314,LONG,113.72131137555276,113.40872078401786,46.014143446424406,5,-16.47095037738204,-0.15487951774011777
2026-02-02 06:30:07.112314,2026-02-02 07:10:07.112314,LONG,109.1531204674765,110.59029483974963,61.87509853992204,5,86.18819174714335,0.8117013208939367
2026-02-02 07:50:07.112314,2026-02-02 08:00:07.112314,LONG,107.96768333635313,109.02879690160694,48.78397761841136,5,49.6377970628102,0.463713819269056
2026-02-02 08:20:07.112314,2026-02-02 08:20:07.112314,SHORT,110.30703515779118,110.68590952504962,47.961211907487666,5,-20.294725959159265,-0.18871720781030712
2026-02-02 08:45:07.112314,2026-02-02 08:45:07.112314,SHORT,111.25306144440833,111.59277684320622,47.463638419125274,5,-18.242768538060947,-0.1699571428354077
2026-02-02 09:10:07.112314,2026-02-02 09:15:07.112314,SHORT,113.51128885714748,113.87214777309276,66.07362549864169,5,-26.852835128688785,-0.2505979773975592
2026-02-02 10:20:07.112314,2026-02-02 10:50:07.112314,SHORT,115.04599424999999,113.89536576157786,53.13785021216595,5,58.72106231334657,0.5493776900169122
2026-02-02 10:55:07.112314,2026-02-02 11:10:07.112314,LONG,112.96398276376827,113.82223974253615,52.90302367073136,5,42.995773005985704,0.4000584882906227
2026-02-02 11:25:07.112314,2026-02-02 11:35:07.112314,LONG,112.57577936548259,113.80230461388106,59.43282749464477,5,70.1904264104489,0.6504915256714541
2026-02-02 12:55:07.112314,2026-02-02 13:05:07.112314,LONG,114.14698133175132,115.00655065823466,46.81620831849877,5,38.0881083993925,0.3507012119564968
2026-02-02 13:25:07.112314,2026-02-02 13:30:07.112314,LONG,113.02319988051596,112.68401371956425,53.61955055683714,5,-20.603835973563232,-0.18904950064170992
2026-02-02 13:50:07.112314,2026-02-02 14:35:07.112314,LONG,110.74749536422121,110.35373449608537,62.476597615894654,5,-27.358649661617676,-0.25150343298003286
2026-02-02 14:40:07.112314,2026-02-02 14:50:07.112314,LONG,110.20910310072227,111.30606168041412,48.44491087688292,5,50.985175733537645,0.46987984981171194
2026-02-03 00:05:07.112314,2026-02-03 00:10:07.112314,LONG,104.75237089665389,104.25012697612405,59.534481685786496,5,-32.38342239866149,-0.2970501407527591
2026-02-03 00:30:07.112314,2026-02-03 01:25:07.112314,LONG,101.14533889809508,100.6364587299906,68.35269758502336,5,-37.534841609301054,-0.3453294346440125
2026-02-03 01:35:07.112314,2026-02-03 01:35:07.112314,LONG,99.84451810990616,99.47324830195753,53.38053873653716,5,-21.942556598601595,-0.20257627430480246
2026-02-03 02:00:07.112314,2026-02-03 02:25:07.112314,LONG,97.0142829647503,96.56862208523833,61.9584462868239,5,-30.005752379164935,-0.2775789592644928
2026-02-03 03:10:07.112314,2026-02-03 03:20:07.112314,LONG,96.32051719327646,97.71829724761508,64.02232500267554,5,86.986667887087,0.8069412255503977
2026-02-03 03:45:07.112314,2026-02-03 03:55:07.112314,SHORT,97.74291851553319,98.19455745569027,54.693736919615276,5,-26.850072292573135,-0.2470837765310207
2026-02-03 04:10:07.112314,2026-02-03 04:10:07.112314,SHORT,98.72945125310541,99.19103126326674,61.039570123677294,5,-30.59647656130364,-0.28225691281433424
2026-02-03 04:45:07.112314,2026-02-03 04:50:07.112314,LONG,95.44422557107147,94.96338737699227,55.72603478982114,5,-28.911979143023945,-0.26747213958090443
2026-02-03 05:15:07.112314,2026-02-03 05:15:07.112314,LONG,93.12671264468746,92.68651171814324,73.63128289534298,5,-35.14240965913014,-0.3259833660673354
2026-02-03 05:45:07.112314,2026-02-03 06:10:07.112314,LONG,92.16127818644016,91.68820397431462,66.69741827163679,5,-33.99897519608211,-0.31640822893781917
2026-02-03 06:25:07.112314,2026-02-03 06:50:07.112314,LONG,90.07467848288402,91.39388564669858,66.12371312630734,5,84.81355482384274,0.7918146478500991
2026-02-03 07:20:07.112314,2026-02-03 08:00:07.112314,SHORT,92.31751892067687,91.1593761339759,57.531347492412976,5,64.53170640930334,0.5977315093349407
2026-02-03 08:30:07.112314,2026-02-03 08:30:07.112314,LONG,90.01386383981769,90.88963267463221,59.3682588847839,5,49.83448721146591,0.4588543014574762
2026-02-03 09:00:07.112314,2026-02-03 09:15:07.112314,SHORT,92.07890017743333,91.17932100478968,58.291462981906996,5,50.311795635424865,0.46113322038215926
2026-02-03 09:25:07.112314,2026-02-03 09:30:07.112314,SHORT,91.61305306004341,90.72541286980477,58.85803986562711,5,50.10879371639224,0.45716446721724535
2026-02-03 09:55:07.112314,2026-02-03 10:00:07.112314,LONG,89.9639955,90.84106150957557,60.22297288786919,5,50.6312350017827,0.45982875416163266
2026-02-03 10:20:07.112314,2026-02-03 10:30:07.112314,SHORT,91.81539983604104,90.90218725633889,59.26809529400637,5,51.969330398775334,0.46982085622656583
2026-02-03 11:30:07.112314,2026-02-03 11:45:07.112314,LONG,89.9639955,90.67379890725257,70.66773600130372,5,47.59711496318593,0.42828234534878107
2026-02-03 11:55:07.112314,2026-02-03 12:00:07.112314,SHORT,91.89248508810923,92.1357333845538,85.01217035539908,5,-23.812129080929907,-0.21334955245754025
2026-02-03 14:40:07.112314,2026-02-03 14:50:07.112314,SHORT,90.69059782071592,90.02662042350458,68.27284991955834,5,42.873079611813225,0.3849512583500964
2026-02-04 00:25:07.112314,2026-02-04 00:25:07.112314,LONG,89.99099819999999,90.90540372179653,61.13036799058067,5,53.675113727303064,0.4800930555793909
2026-02-04 01:15:07.112314,2026-02-04 01:25:07.112314,SHORT,91.82084396945213,92.19227689593586,68.01702893978558,5,-27.77202201609566,-0.2472179057243056
2026-02-04 01:40:07.112314,2026-02-04 01:40:07.112314,SHORT,94.76528314651127,95.19589616276228,58.17347421859025,5,-27.26540560352387,-0.24330966899367487
2026-02-04 23:25:07.112314,2026-02-04 23:25:07.112314,SHORT,96.47256610596001,96.88182686136183,66.27403202227345,5,-29.691660127274357,-0.26560720632524076
2026-02-05 00:05:07.112314,2026-02-05 00:05:07.112314,SHORT,100.37796480647748,98.90850807621207,61.749372500684395,5,88.2950156873223,0.7919479034019375
2026-02-05 00:30:07.112314,2026-02-05 00:30:07.112314,SHORT,101.58372939990319,101.9800768782884,63.26942061109071,5,-27.657563469284504,-0.2461209057032393
2026-02-05 01:20:07.112314,2026-02-05 01:25:07.112314,LONG,100.25299989436054,99.89433299181665,55.018197643946195,5,-21.931608994923195,-0.19564794402475963
2026-02-05 01:45:07.112314,2026-02-05 01:50:07.112314,LONG,99.45168539138209,99.09155818673737,78.75425098885282,5,-31.483100840229554,-0.2814056513071328
2026-02-05 02:10:07.112314,2026-02-05 02:25:07.112314,LONG,99.29471743951179,100.42669132603436,55.28447876079497,5,60.3597713737793,0.5410367337631404
2026-02-05 03:00:07.112314,2026-02-05 03:10:07.112314,SHORT,102.19636543534112,101.1125843382869,53.99461057241702,5,56.33452443506334,0.5022390070646221
2026-02-05 03:35:07.112314,2026-02-05 03:55:07.112314,LONG,98.92370875540395,100.08950231076153,56.0722611599226,5,63.12378280939069,0.5599549485475901
2026-02-05 04:35:07.112314,2026-02-05 05:10:07.112314,LONG,98.91369232556679,100.08113511879972,56.39195047652372,5,63.57686801406482,0.560833735376114
2026-02-05 05:40:07.112314,2026-02-05 05:40:07.112314,SHORT,102.15588051845275,102.50096409295442,62.03858072859465,5,-23.952100929089788,-0.21011146346122242
2026-02-05 06:05:07.112314,2026-02-05 06:25:07.112314,SHORT,102.20341684104643,101.14114144196115,63.660139321761214,5,65.04913624170554,0.5718223569572826
2026-02-09 12:15:07.112314,2026-02-09 12:25:07.112314,LONG,100.85084981059696,101.72988255830127,55.819467659802704,5,46.79573687658907,0.4090247311994423
2026-02-09 12:55:07.112314,2026-02-09 13:00:07.112314,SHORT,102.76417386757292,103.11711321134996,54.99325262293768,5,-21.677580675536436,-0.18870410159448164
2026-02-09 13:20:07.112314,2026-02-09 13:20:07.112314,SHORT,105.05406275520741,105.43519785055987,60.6774991674054,5,-25.685342082835042,-0.22401453009599712
2026-02-09 13:45:07.112314,2026-02-09 13:45:07.112314,SHORT,106.24182899298772,104.91380097406078,75.36926173281421,5,96.9295810570162,0.8472686635135384
2026-02-09 17:55:07.112314,2026-02-09 17:55:07.112314,LONG,102.92763702771748,103.97161192441126,55.15385325899951,5,55.28546424745582,0.47919428405549724
2026-02-09 18:35:07.112314,2026-02-09 18:40:07.112314,SHORT,104.70971916491192,103.73964804152484,54.464077500517455,5,50.573995152843516,0.4362664208366511
2026-02-09 19:15:07.112314,2026-02-09 19:20:07.112314,LONG,102.61143024384495,102.28833064696012,55.83143941779614,5,-20.32347746365507,-0.17455487585303991
2026-02-09 19:40:07.112314,2026-02-09 19:45:07.112314,LONG,100.49584611547489,100.1280028471921,73.56304928780061,5,-30.005960958286856,-0.258166715012592
2026-02-09 20:35:07.112314,2026-02-09 20:35:07.112314,LONG,97.93990828332983,97.57113028486859,75.28795269168513,5,-30.70291275826878,-0.26484692869599774
2026-02-09 21:00:07.112314,2026-02-09 21:05:07.112314,LONG,96.29822948346938,95.97298436584023,68.68375807479146,5,-24.97577107020738,-0.2160160442255051
2026-02-09 21:25:07.112314,2026-02-09 21:25:07.112314,LONG,95.29757890012232,94.97106190131719,69.25503043602113,5,-25.243834203134526,-0.21880718733507887
2026-02-11 01:00:07.112314,2026-02-11 01:00:07.112314,LONG,93.67554403128626,94.7918562834582,70.30005406636509,5,75.81126263392169,0.6585538649680098
2026-02-11 01:25:07.112314,2026-02-11 01:40:07.112314,LONG,92.94693086808076,92.57755515814306,79.2973369762514,5,-32.226971576896965,-0.2781162611895735
2026-02-11 01:55:07.112314,2026-02-11 01:55:07.112314,LONG,92.44992817499514,92.0238436817929,61.50147608385327,5,-28.468666156914285,-0.24636756563753798
2026-02-11 02:25:07.112314,2026-02-11 03:10:07.112314,LONG,89.99099819999999,91.32968585621757,63.026293469882184,5,82.07005245196305,0.7119875582700342
2026-02-11 03:30:07.112314,2026-02-11 03:30:07.112314,SHORT,92.06203349467218,92.56529095408267,62.0346849508091,5,-33.51632140836104,-0.2887106956562917
2026-02-11 04:05:07.112314,2026-02-11 04:05:07.112314,SHORT,92.997839591123,93.43899163985719,61.233152164391676,5,-29.301756125042434,-0.25313712555777057
2026-02-11 04:30:07.112314,2026-02-11 04:30:07.112314,SHORT,93.68050733866205,94.09495365121346,60.63306019193179,5,-27.411254210649943,-0.23740609057824633
2026-02-11 05:35:07.112314,2026-02-11 06:10:07.112314,LONG,90.15382204947369,91.43536921334584,62.86793134784992,5,78.26887811155797,0.6794919646336643
2026-02-11 06:20:07.112314,2026-02-11 06:20:07.112314,SHORT,91.66162594387656,91.99436055354339,62.24148033914607,5,-23.000240739213677,-0.19832916473957732
2026-02-11 06:45:07.112314,2026-02-11 06:45:07.112314,SHORT,92.53921263343715,91.40504097594507,79.53741919020085,5,87.3010381315116,0.7542855659821055
2026-02-11 07:25:07.112314,2026-02-11 07:25:07.112314,SHORT,92.1492887377098,92.48752254281156,62.25537056598134,5,-23.360008870005235,-0.20032071632615733
2026-02-11 08:30:07.112314,2026-02-11 08:55:07.112314,SHORT,92.5975022548916,91.36658649546274,61.82991984974065,5,73.84774725928511,0.6345428679472916
2026-02-11 09:40:07.112314,2026-02-11 13:50:07.112314,LONG,89.99099819999999,91.33745517740441,64.03727213476755,5,83.88383129048606,0.7162339375698018
2026-02-11 14:55:07.112314,2026-02-11 14:55:07.112314,SHORT,91.42216182234041,90.67743176841861,79.9870374518752,5,56.66754306221984,0.48040945120440914
2026-02-11 15:25:07.112314,2026-02-11 15:55:07.112314,LONG,89.99962971699873,90.78695980667088,64.7995580766308,5,48.66545992135238,0.4105977786172969
2026-02-11 16:10:07.112314,2026-02-11 16:15:07.112314,SHORT,91.78178627959035,92.10908257434556,63.7894642430275,5,-23.228290902896855,-0.1951791701242854
2026-02-11 16:35:07.112314,2026-02-11 16:35:07.112314,SHORT,92.89332685064797,93.20469412612432,71.08568482856255,5,-24.783963814917428,-0.20865820055861062
2026-02-11 17:05:07.112314,2026-02-11 17:05:07.112314,SHORT,93.70063432029743,94.01807907879443,62.231076120492794,5,-22.09526742442049,-0.18641080911816385
2026-02-11 17:50:07.112314,2026-02-11 17:55:07.112314,LONG,92.81893443668105,93.82473990375456,62.71765258338542,5,60.72797087398232,0.5132996010315384
2026-02-11 18:15:07.112314,2026-02-11 18:20:07.112314,LONG,91.1904930618243,90.80742332550757,72.51202413345379,5,-30.411013993264707,-0.25573462182732276
2026-02-12 00:10:07.112314,2026-02-12 00:40:07.112314,LONG,89.9639955,90.53080556279245,64.87376516685926,5,34.42187321963166,0.2902052007772006
2026-02-12 00:45:07.112314,2026-02-12 00:45:07.112314,SHORT,90.76743420771905,90.94956871317743,81.2467557443015,5,-17.75358063530168,-0.14924442859804896
2026-02-12 02:15:07.112314,2026-02-12 02:20:07.112314,LONG,89.9639955,90.39807490828342,75.52833412295062,5,30.05424818242538,0.25302689344572626
2026-02-12 03:35:07.112314,2026-02-12 03:40:07.112314,LONG,89.9639955,90.36955805641328,75.71944112045324,5,27.971877138862773,0.23490103650168717
2026-02-12 04:00:07.112314,2026-02-12 04:00:07.112314,SHORT,90.85236266265456,91.0432395104165,73.03832063769109,5,-16.601182536850814,-0.13908598804147146
2026-02-12 04:25:07.112314,2026-02-12 04:35:07.112314,LONG,89.99099819999999,90.67157602991199,65.17193902543018,5,41.99087986333979,0.3522928209575422
2026-02-12 04:55:07.112314,2026-02-12 05:15:07.112314,LONG,89.99099819999999,90.72010269334677,65.40153508789558,5,45.311259512571304,0.37881542365869386
2026-02-12 05:25:07.112314,2026-02-12 05:25:07.112314,SHORT,91.40831124200893,91.67721414768678,64.61844950744103,5,-19.74570460630226,-0.164456895729352
2026-02-12 06:20:07.112314,2026-02-12 07:10:07.112314,LONG,89.9639955,90.8255800456394,65.56099364452119,5,54.10449281042971,0.4513647071331268
2026-02-12 07:15:07.112314,2026-02-12 07:20:07.112314,SHORT,91.070328593007,91.27689753945745,92.54208465247189,5,-22.495102680553682,-0.18682130708820346
2026-02-12 07:40:07.112314,2026-02-12 07:55:07.112314,LONG,89.99099819999999,90.68605990611016,65.71415397787118,5,43.29164889771871,0.36020908939196683
2026-02-12 08:15:07.112314,2026-02-12 09:10:07.112314,LONG,89.99099819999999,90.76420641561592,65.9508623335165,5,48.59935751037886,0.4029206355275958
2026-02-12 09:15:07.112314,2026-02-12 09:15:07.112314,SHORT,91.00265753948275,90.43604369447388,65.46737984730737,5,34.72647948816576,0.2867499782764499
2026-02-12 09:40:07.112314,2026-02-12 09:40:07.112314,SHORT,91.37854775909018,91.61977939741634,65.38503198112791,5,-18.169163269217137,-0.14960083118022288
2026-02-12 10:10:07.112314,2026-02-12 10:10:07.112314,SHORT,92.10528225464536,91.3338096813427,64.77208241670226,5,47.60353268094072,0.39254410221423897
2026-02-12 10:45:07.112314,2026-02-12 10:45:07.112314,LONG,90.86728316082676,90.51422394975266,65.92546067760561,5,-25.662467901237196,-0.21078816961642333
2026-02-12 11:10:07.112314,2026-02-12 11:35:07.112314,LONG,89.9639955,90.93462829841177,66.44702997988911,5,62.07873226642873,0.5109837162686495
2026-02-12 11:55:07.112314,2026-02-12 12:30:07.112314,LONG,89.99099819999999,90.96859098457634,66.76652350599018,5,62.841009003391505,0.5146285160429831
2026-02-12 12:35:07.112314,2026-02-12 12:35:07.112314,SHORT,91.23590896180418,91.54670767520135,66.18117025352448,5,-22.992489864634788,-0.1873300415054004
2026-02-12 16:45:07.112314,2026-02-12 16:45:07.112314,SHORT,92.77374978951572,93.08249123655082,64.9622125237672,5,-22.475265328370018,-0.18345965821167756
2026-02-13 00:05:07.112314,2026-02-13 00:05:07.112314,SHORT,98.55541907083948,98.91670326843483,61.039072051135456,5,-24.467565679104517,-0.2000893633410024
2026-02-13 00:45:07.112314,2026-02-13 01:05:07.112314,LONG,96.60598444424876,97.69233881601532,70.24430197655117,5,73.56527248448174,0.6028037357365285
2026-02-17 16:30:07.112314,2026-02-17 16:40:07.112314,LONG,96.78751223668515,96.41483371200502,62.41603839211291,5,-25.668249889365796,-0.20906881680112951
2026-02-17 16:55:07.112314,2026-02-17 17:20:07.112314,LONG,96.47136327573342,96.14150033096573,72.65058450676814,5,-26.758630222257906,-0.21840662389998167
2026-02-17 17:25:07.112314,2026-02-17 17:25:07.112314,LONG,95.81716408874819,95.48959850343037,72.98685501262143,5,-26.695776075189062,-0.21837053776614423
2026-02-17 18:20:07.112314,2026-02-17 18:20:07.112314,LONG,95.43231833685093,95.16532278471638,62.894425542271726,5,-19.186679197079755,-0.15728985612516902
2026-02-18 00:05:07.112314,2026-02-18 00:15:07.112314,LONG,93.81291328479247,94.65212936682943,63.879479274046936,5,51.19015482447345,0.4203112196112124
2026-02-18 01:00:07.112314,2026-02-18 01:00:07.112314,LONG,93.32502154012789,92.96588321243699,64.48332960690013,5,-25.55633503471687,-0.2089592255069381
2026-02-18 19:35:07.112314,2026-02-18 19:35:07.112314,LONG,92.21285094719305,91.87289606747485,65.12468803045026,5,-24.532732964015818,-0.20100985784752878
2026-02-18 20:05:07.112314,2026-02-18 20:10:07.112314,LONG,91.02902144257494,90.75629226484716,65.8390230250515,5,-20.346344858460277,-0.1670443070895717
2026-02-18 20:30:07.112314,2026-02-18 20:30:07.112314,LONG,90.23770870307189,89.94639755913309,77.08680534697092,5,-25.229717624334487,-0.20748358281304463
2026-02-18 21:50:07.112314,2026-02-18 22:00:07.112314,SHORT,91.18879074038844,90.41540128454406,73.9803750453183,5,54.540055880700514,0.4494578327674257
2026-02-18 22:55:07.112314,2026-02-18 23:10:07.112314,SHORT,91.49134645806467,91.75130980473169,74.06713793037878,5,-21.973043821869126,-0.18026690383426253
2026-02-19 00:00:07.112314,2026-02-19 00:20:07.112314,SHORT,92.05997882907504,91.00256760030838,73.47694919027595,5,75.02071471501367,0.6165816147390463
2026-02-19 00:35:07.112314,2026-02-19 00:35:07.112314,SHORT,91.54656239753088,91.88699827338779,65.78695951352138,5,-24.81422767604099,-0.20269385276840257
2026-02-19 01:00:07.112314,2026-02-19 01:10:07.112314,SHORT,91.77535462903269,92.19097475827706,65.4899415990975,5,-29.633970612776785,-0.24255534123700187
2026-02-19 01:35:07.112314,2026-02-19 04:05:07.112314,LONG,90.09332996715523,91.46148586133965,66.56412231946038,5,88.6348748796253,0.7272442844193235
2026-02-19 04:10:07.112314,2026-02-19 04:10:07.112314,SHORT,91.93682539147474,90.97783043395546,74.23575477460182,5,68.49019133247282,0.5579009585500453
2026-02-19 05:25:07.112314,2026-02-19 05:30:07.112314,SHORT,91.43417090528415,90.63718543383433,75.06030070478269,5,57.10066738688665,0.46254470432340583
2026-02-19 06:35:07.112314,2026-02-19 07:00:07.112314,LONG,89.99099819999999,90.6332933311953,67.81114954826693,5,41.096392072355535,0.3313691320714298
2026-02-19 07:05:07.112314,2026-02-19 07:05:07.112314,SHORT,90.83164871824424,91.03776932425099,76.159230463869,5,-18.471333318173215,-0.14844646525137803
2026-02-19 08:35:07.112314,2026-02-19 08:40:07.112314,SHORT,91.06290092278432,90.29652629183504,67.12177005324384,5,49.016076683470715,0.39450756544779103
2026-02-19 09:00:07.112314,2026-02-19 09:15:07.112314,LONG,89.99099819999999,90.80866966370144,68.20286609863616,5,53.29017273643795,0.4272223488600988
2026-02-19 09:25:07.112314,2026-02-19 09:40:07.112314,LONG,90.17593319676158,91.03466474680351,68.35377432391677,5,56.20851740449129,0.4487014930531967
2026-02-19 09:55:07.112314,2026-02-19 10:25:07.112314,LONG,89.99099819999999,90.85181543085935,68.80157868058963,5,56.72528510752085,0.4508039833589039
2026-02-19 10:40:07.112314,2026-02-19 10:55:07.112314,LONG,89.99099819999999,90.86073883199121,69.11173893789555,5,57.59747003711316,0.45568113349063655
2026-02-19 11:10:07.112314,2026-02-19 11:25:07.112314,LONG,90.13247722161505,90.99971738553717,69.3176905373517,5,57.59192920482876,0.4535704622925821
2026-02-19 11:35:07.112314,2026-02-19 11:35:07.112314,SHORT,91.17362257167997,91.45101423146963,68.82317442235836,5,-21.60855422643268,-0.16941172724623138
2026-02-19 12:15:07.112314,2026-02-19 12:35:07.112314,LONG,90.4063360014242,90.00164305849752,69.30355804028528,5,-30.541634495982763,-0.2398536905594168
2026-02-19 12:40:07.112314,2026-02-19 13:30:07.112314,LONG,89.99099819999999,91.20957022972185,69.45642222539314,5,82.1036172400666,0.6463374843879259
2026-02-19 13:35:07.112314,2026-02-19 13:40:07.112314,SHORT,91.84001993484316,92.19716488869096,68.4842375530103,5,-26.984420876952637,-0.21106303494794915
2026-02-19 14:15:07.112314,2026-02-19 14:40:07.112314,SHORT,92.93522151288568,91.74438816709994,67.53433878438459,5,77.94378397321874,0.610939445585244
2026-02-19 14:45:07.112314,2026-02-19 14:50:07.112314,LONG,91.24078511141835,90.83088020311295,69.22262114223626,5,-30.88971281529367,-0.24064971242335212
2026-02-20 00:15:07.112314,2026-02-20 00:40:07.112314,LONG,92.75487111232032,92.31075074060153,76.76506609640853,5,-36.927426042558366,-0.28838117127046187
2026-02-20 00:45:07.112314,2026-02-20 00:55:07.112314,LONG,91.66441369586737,91.2836449560331,68.53866924204034,5,-28.59996653674906,-0.22399463797497227
2026-02-20 01:10:07.112314,2026-02-20 01:10:07.112314,LONG,90.71569994609183,90.37431530660434,80.33615010117029,5,-30.329657464005376,-0.23807483403980584
2026-02-20 01:35:07.112314,2026-02-20 01:45:07.112314,LONG,89.99995364667616,90.92961427797677,80.78226147780519,5,72.16188825267525,0.5677917162955719
2026-02-20 03:30:07.112314,2026-02-20 03:30:07.112314,SHORT,90.84809949646345,91.137156086984,69.21234680366852,5,-22.5294115705119,-0.1762674404617368
2026-02-20 04:00:07.112314,2026-02-20 04:10:07.112314,SHORT,91.17450903392124,90.16878700743379,68.8430008920863,5,66.75392641290973,0.5231970183347096
2026-02-20 07:50:07.112314,2026-02-20 07:55:07.112314,SHORT,91.19703955032286,91.4593069926208,78.18590495211669,5,-23.365948788946092,-0.1821820450392527
2026-02-20 08:30:07.112314,2026-02-20 08:40:07.112314,LONG,90.34947825927236,91.30257513264614,69.72183369193075,5,63.90534851404858,0.4991732316937885
2026-02-20 09:10:07.112314,2026-02-20 09:45:07.112314,LONG,89.99099819999999,91.1375820896256,70.34899044999992,5,78.09644434457165,0.6069918400797475
2026-02-20 19:15:07.112314,2026-02-20 19:15:07.112314,SHORT,92.66303591127499,91.69220353399405,68.72135571681243,5,64.19643212631509,0.4959459173735306
2026-02-20 19:50:07.112314,2026-02-20 20:00:07.112314,SHORT,93.14114757656388,92.06231209138386,77.64524954281416,5,80.90716998411622,0.6219591993835135
2026-02-20 20:40:07.112314,2026-02-20 20:40:07.112314,LONG,90.97498179710891,90.58702632356496,70.7953016316029,5,-30.03067911017026,-0.2294284492318661
2026-02-20 21:05:07.112314,2026-02-20 21:50:07.112314,LONG,90.624011514394,91.6343098207387,70.90642533081495,5,69.03765688186088,0.528646911405185
2026-02-20 21:55:07.112314,2026-02-20 22:00:07.112314,SHORT,91.80789549716386,90.96889202574161,70.34801053597275,5,56.46243281746076,0.4300801572107461
2026-02-20 22:30:07.112314,2026-02-20 22:35:07.112314,LONG,90.89294504759683,92.02688817479425,71.37602286914016,5,78.30894526917183,0.5939329016331683
2026-02-20 22:55:07.112314,2026-02-20 23:00:07.112314,LONG,89.99099819999999,91.23839236662633,72.51957316585595,5,87.81386482501381,0.662090434045037
2026-02-20 23:20:07.112314,2026-02-20 23:20:07.112314,SHORT,92.97582155155781,93.39548666487786,70.6420624032496,5,-32.28506904248668,-0.24181876344882136
2026-02-21 00:05:07.112314,2026-02-21 00:10:07.112314,SHORT,94.16943593301143,94.57565905155009,78.62879805779885,5,-34.91538371268478,-0.2621540510109099
2026-02-21 00:30:07.112314,2026-02-21 00:35:07.112314,SHORT,96.38029820824792,96.75568180182239,76.62373624522232,5,-31.72880620187764,-0.2388545405706822
2026-02-21 00:55:07.112314,2026-02-21 00:55:07.112314,SHORT,97.12366315687827,97.49446947159431,78.03855167655897,5,-31.98051863057784,-0.24132585017868366
2026-02-21 01:20:07.112314,2026-02-21 01:20:07.112314,SHORT,98.60087907780594,98.98771801970129,76.68389014003884,5,-32.70062023972613,-0.24735669184868425
2026-02-21 01:50:07.112314,2026-02-21 02:40:07.112314,LONG,96.47472085274458,97.65626543471448,67.2592063231882,5,76.8424376565086,0.5826991635123
2026-02-21 03:05:07.112314,2026-02-21 03:05:07.112314,SHORT,99.0598163576503,99.40627978793994,65.87250472036824,5,-25.441670201014848,-0.19180750402606103
2026-02-21 03:40:07.112314,2026-02-21 03:40:07.112314,SHORT,99.13052758412486,99.46814829122278,65.69925863738054,5,-24.79542359726757,-0.18729462611441913
2026-02-21 04:25:07.112314,2026-02-21 04:30:07.112314,SHORT,100.33846099352381,100.69436756065744,64.78676250131005,5,-25.667499068091814,-0.19424574422165639
2026-02-21 11:30:07.112314,2026-02-21 11:30:07.112314,SHORT,101.92779173384848,102.29999577087253,71.93270103193855,5,-29.717127722673318,-0.22533009892745215
2026-02-21 11:55:07.112314,2026-02-21 11:55:07.112314,SHORT,102.17461745009739,102.56267112078854,63.35582840658634,5,-27.18463896983439,-0.20659302109523103
2026-02-21 12:45:07.112314,2026-02-21 13:10:07.112314,SHORT,104.12296404981204,104.51963448922623,62.04187601399455,5,-27.204015902155618,-0.20716827368076327
2026-02-21 13:15:07.112314,2026-02-21 13:15:07.112314,SHORT,104.96884334655145,105.32706606629003,61.414423393411276,5,-24.587482191236692,-0.18763114943404335
2026-02-21 13:40:07.112314,2026-02-21 14:00:07.112314,SHORT,107.5263325153387,106.1535383261798,69.57148061306182,5,92.55322078332493,0.7076166682116274
2026-02-21 14:10:07.112314,2026-02-21 14:25:07.112314,LONG,104.42495509292372,103.95834376219547,62.066896931662804,5,-31.5420660944465,-0.23946074932554498
2026-02-21 14:35:07.112314,2026-02-21 14:50:07.112314,LONG,103.11853181459087,104.58559032068494,81.05473873465986,5,115.52118084037447,0.8791177143520476
2026-02-21 15:35:07.112314,2026-02-21 15:40:07.112314,SHORT,107.3431381879688,107.75027058012351,60.75237309661789,5,-27.352692843719424,-0.20634037954378598
2026-02-21 16:00:07.112314,2026-02-21 16:00:07.112314,SHORT,109.89206442781247,110.29402089269274,76.55369628010624,5,-34.14861912104184,-0.25813942230036113
2026-02-21 16:25:07.112314,2026-02-21 16:35:07.112314,SHORT,113.4454582567847,113.87072848075134,73.96441869800451,5,-34.823817800781164,-0.26392474085034573
2026-02-21 16:50:07.112314,2026-02-21 16:50:07.112314,SHORT,114.58293827492871,115.01094926797916,65.68726727682512,5,-31.136774483655064,-0.2366056269979325
2026-02-21 17:35:07.112314,2026-02-21 17:35:07.112314,LONG,112.34934925278725,113.50686778247102,57.498661950611144,5,63.945169431976744,0.4870661777400116
2026-02-22 00:15:07.112314,2026-02-22 00:15:07.112314,LONG,112.98162564383996,112.57307573649402,57.4553728141896,5,-26.06055845387589,-0.19753942337161484
2026-02-22 06:50:07.112314,2026-02-22 06:50:07.112314,LONG,111.40700124140608,111.0154486639669,58.15234476640222,5,-25.352023935458437,-0.19254908145598712
2026-02-22 07:25:07.112314,2026-02-22 07:45:07.112314,LONG,109.44283713488193,109.06035927749092,76.37431865500248,5,-32.54325001169881,-0.24764340900091947
2026-02-22 07:50:07.112314,2026-02-22 07:50:07.112314,LONG,109.05451221487185,108.68333640038213,68.76273304275453,5,-28.51240874252157,-0.21750868109013827
2026-02-22 08:15:07.112314,2026-02-22 08:15:07.112314,SHORT,110.3890490223197,110.82162789600245,58.291782453387675,5,-27.799789688424394,-0.21253470380398937
2026-02-22 08:45:07.112314,2026-02-22 08:45:07.112314,SHORT,112.04956480464422,112.51053896241636,57.305874532073275,5,-28.995533179545003,-0.22214853399003232
2026-02-22 09:10:07.112314,2026-02-22 09:20:07.112314,SHORT,114.82373882348203,113.34307574887728,64.86982236148404,5,93.1093325509253,0.7149429993446583
2026-02-22 11:45:07.112314,2026-02-22 11:45:07.112314,LONG,113.84251582265468,113.56684590137652,64.06627018112756,5,-20.571465350670632,-0.15683735943743363
2026-02-22 12:10:07.112314,2026-02-22 12:20:07.112314,LONG,112.62291400451446,112.27460948559632,64.65848058231862,5,-25.42464323612719,-0.1941425955093698
2026-02-22 12:35:07.112314,2026-02-22 12:35:07.112314,LONG,111.9000958076868,111.51385531842392,57.47356513861172,5,-24.762257449819547,-0.18945242498548576
2026-02-22 13:00:07.112314,2026-02-22 13:00:07.112314,LONG,107.96564470606856,107.51878421044036,67.1891490192179,5,-32.91381467743691,-0.2522967843896815
2026-02-22 15:15:07.112314,2026-02-22 15:15:07.112314,SHORT,110.86588339140515,109.49458884445589,57.742177565297844,5,76.65255082767038,0.5890568398491408
2026-02-22 16:40:07.112314,2026-02-22 16:40:07.112314,SHORT,114.37426163555423,114.87320592087963,70.94799049046313,5,-38.659103659050366,-0.29534636878820025
2026-02-22 19:10:07.112314,2026-02-22 19:10:07.112314,SHORT,114.80773732548796,113.69966133991727,65.01551592119463,5,69.0852350249329,0.5293582252307116
2026-02-22 20:40:07.112314,2026-02-22 20:40:07.112314,LONG,112.36954979817077,112.00455093205707,57.44978040559972,5,-23.542959448714434,-0.17944549952128055
2026-02-22 21:10:07.112314,2026-02-22 21:15:07.112314,SHORT,113.62992213127686,112.24093191104798,56.69926432678289,5,76.20913233738987,0.5819136642294799
2026-02-22 21:35:07.112314,2026-02-22 21:55:07.112314,SHORT,115.04599424999999,113.51743239168947,56.32724699559636,5,83.54203156005165,0.6342152433297211
2026-02-22 22:05:07.112314,2026-02-22 22:10:07.112314,LONG,111.95721409898238,111.45817894780818,58.259998256536925,5,-31.671208361829834,-0.23891895861623147
2026-02-23 07:30:07.112314,2026-02-23 07:45:07.112314,LONG,110.81766223174093,112.21671069120599,58.718467565833514,5,79.51430427530225,0.6012707764568529
2026-02-23 08:25:07.112314,2026-02-23 08:30:07.112314,LONG,110.39508036273111,111.77555661076971,67.01115949156627,5,89.51123017111279,0.6728199991065847
2026-02-23 09:05:07.112314,2026-02-23 09:05:07.112314,SHORT,114.11556761512378,114.55549935835043,57.73878543947973,5,-28.046842689525615,-0.2094079237753109
2026-02-23 09:35:07.112314,2026-02-23 10:00:07.112314,SHORT,114.92359776559742,113.69173510019415,66.51565174857433,5,78.91323611058817,0.5904313191849165
2026-02-23 11:20:07.112314,2026-02-23 11:20:07.112314,LONG,112.97091989285737,112.53121672874612,58.557024754189634,5,-28.38350636279971,-0.21111977173521404
2026-02-23 12:05:07.112314,2026-02-23 12:05:07.112314,SHORT,114.27323905349975,114.74452243591622,57.75590858170011,5,-29.870269610144092,-0.22264854217579352
2026-02-23 13:10:07.112314,2026-02-23 13:15:07.112314,LONG,112.90226646285758,112.45854556142156,58.33875116202382,5,-28.51039969648543,-0.21298648562085945
2026-02-24 04:55:07.112314,2026-02-24 05:00:07.112314,LONG,111.11452304059229,110.67036209987705,66.84557690546524,5,-32.64932400134527,-0.24442684969868617
2026-02-24 05:20:07.112314,2026-02-24 05:25:07.112314,LONG,110.53989909471089,110.19343335654807,68.95771208609614,5,-26.93095944040022,-0.20211073166953816
2026-02-24 05:55:07.112314,2026-02-24 06:00:07.112314,SHORT,111.39097087187776,110.02412897144676,58.72938993017585,5,77.68913095447786,0.58422004763056
2026-02-24 06:25:07.112314,2026-02-24 06:25:07.112314,LONG,108.31986874662579,107.86572917503109,60.75948235101049,5,-30.214831632438994,-0.22589494801093984
2026-02-24 07:15:07.112314,2026-02-24 07:15:07.112314,SHORT,110.1309477077168,110.59122055282164,59.613386783797374,5,-30.075510023596678,-0.22536242110244345
2026-02-24 07:45:07.112314,2026-02-24 07:45:07.112314,SHORT,113.01060534488529,113.50169614075838,65.50339636564753,5,-35.14201368978898,-0.26392162920545736
2026-02-24 08:15:07.112314,2026-02-24 09:00:07.112314,SHORT,115.04599424999999,113.57578945519165,66.02144771972291,5,94.06567377942783,0.7083162783851746
2026-02-24 09:05:07.112314,2026-02-24 09:05:07.112314,LONG,113.49590129489127,113.11615253645968,57.98259323659999,5,-24.642324936646983,-0.1842520790147042
2026-02-24 10:40:07.112314,2026-02-24 10:55:07.112314,SHORT,115.04599424999999,113.98216645157345,57.08454157327909,5,58.12547429832313,0.43540976161327183
2026-02-24 11:20:07.112314,2026-02-24 11:20:07.112314,LONG,113.60282126325251,113.28905030406263,58.073047502684815,5,-20.8532519779337,-0.1555315810964962
2026-02-24 12:35:07.112314,2026-02-24 12:55:07.112314,SHORT,115.01149769999999,114.20068222348866,66.57183856895884,5,50.936457258947335,0.38049549783239056
2026-02-24 13:00:07.112314,2026-02-24 13:10:07.112314,LONG,114.01544059497124,113.77526999093281,65.5364778562704,5,-18.72250765823214,-0.13932705860713362
2026-02-24 14:20:07.112314,2026-02-24 14:20:07.112314,LONG,113.4936404341056,114.37380530837896,58.178167803774194,5,48.54475637542863,0.3617589540019291
2026-02-24 14:55:07.112314,2026-02-24 15:00:07.112314,LONG,113.59645918262865,114.56745184145055,65.92417827204798,5,60.99078709327672,0.4528693587183644
2026-02-24 15:30:07.112314,2026-02-24 15:30:07.112314,LONG,113.38759121930805,114.28410239951177,58.707913827156176,5,49.948548618288136,0.36920640437385804
2026-02-24 15:55:07.112314,2026-02-24 16:00:07.112314,LONG,112.9397406557411,112.56298349470799,59.1583267233322,5,-24.951938329565102,-0.18375964816892615
2026-02-24 16:25:07.112314,2026-02-24 16:45:07.112314,LONG,111.39791269802635,110.98408691036448,59.86690715242982,5,-27.432179617817937,-0.20239741909739997
2026-02-24 16:50:07.112314,2026-02-24 16:55:07.112314,LONG,110.28031083977037,111.44600886410414,60.351212866112384,5,67.66092888256003,0.5002216699539498
2026-02-24 17:15:07.112314,2026-02-24 18:10:07.112314,SHORT,115.04599424999999,113.57615583032431,65.69046436192376,5,93.57002015871724,0.6883261189257677
2026-02-24 18:15:07.112314,2026-02-24 18:15:07.112314,LONG,113.51582997038084,113.10795025803013,59.32991086512186,5,-26.883740820237147,-0.19641203944138183
2026-02-25 00:25:07.112314,2026-02-25 00:30:07.112314,LONG,109.90680498873142,111.18219546181264,61.15777773222122,5,75.28018467535996,0.5510778135137687
2026-02-25 00:55:07.112314,2026-02-25 01:00:07.112314,LONG,109.84724745853485,109.45595748950802,61.52814623740168,5,-26.769195299098815,-0.1948860874603748
2026-02-25 04:15:07.112314,2026-02-25 04:15:07.112314,LONG,107.65491304193469,107.26537526013442,80.99793790844134,5,-35.02706674526877,-0.25550328949508827
2026-02-25 06:00:07.112314,2026-02-25 06:45:07.112314,LONG,105.78486166792102,105.35733090351357,63.603530770066655,5,-29.872905424328863,-0.21846468682979736
2026-02-25 06:50:07.112314,2026-02-25 06:50:07.112314,LONG,105.0053937732881,104.66457323533061,63.93568485998084,5,-24.467314976811124,-0.17932461761309243
2026-02-25 07:15:07.112314,2026-02-25 07:15:07.112314,LONG,102.17269319254778,101.7884796643592,84.78765130913233,5,-36.02872510473231,-0.26453429990781535
2026-02-25 07:55:07.112314,2026-02-25 08:00:07.112314,LONG,101.71059646797632,101.34443206765123,76.39937014245729,5,-31.071789864392894,-0.22874401929260796
2026-02-25 08:30:07.112314,2026-02-25 09:00:07.112314,SHORT,103.26053541671936,103.6723989631355,64.5667997622729,5,-29.27022914072158,-0.21597533665052293
2026-02-25 09:05:07.112314,2026-02-25 09:05:07.112314,SHORT,103.97612410037304,104.3705244787966,72.30706191834334,5,-31.536622973665345,-0.23320196562818998
2026-02-25 09:30:07.112314,2026-02-25 09:35:07.112314,SHORT,104.84670946814553,103.65191231332403,63.30468898568333,5,73.01160145824792,0.5411564774485516
2026-02-25 10:10:07.112314,2026-02-25 10:10:07.112314,LONG,101.26463148401851,102.44551118339825,65.91186998612369,5,75.1330391292577,0.5538830393472668
2026-02-25 10:50:07.112314,2026-02-25 10:55:07.112314,SHORT,102.62043784224258,103.00214632576399,65.38822431084796,5,-27.653290921230543,-0.20273796674854191
2026-02-25 11:25:07.112314,2026-02-25 11:35:07.112314,SHORT,102.90079771256967,103.29465682843558,65.07786430013894,5,-28.3203883596984,-0.20805053752888897
2026-02-25 12:30:07.112314,2026-02-25 12:30:07.112314,LONG,101.57974926329365,101.23799713375608,65.80020743040487,5,-25.151953497850513,-0.1851594372904489
2026-02-25 13:00:07.112314,2026-02-25 13:20:07.112314,LONG,97.88198909507335,99.30557475184605,88.10868980553202,5,121.93039341148233,0.8992718285991814
2026-02-25 14:00:07.112314,2026-02-25 14:10:07.112314,SHORT,100.18601943985632,100.52626148482835,67.17745829979155,5,-25.557835283516717,-0.18681642126062545
2026-02-25 14:30:07.112314,2026-02-25 14:30:07.112314,SHORT,101.56524668954881,101.92556150536397,74.74517423969212,5,-29.97917123092534,-0.21954456806012845
2026-02-25 14:55:07.112314,2026-02-25 15:30:07.112314,SHORT,101.95578987854348,100.90261615455285,65.743403845369,5,66.58575287848657,0.48869613736894923
2026-02-25 15:55:07.112314,2026-02-25 16:30:07.112314,SHORT,101.88759148129995,102.22454564841861,66.1089096800574,5,-24.9788539025091,-0.18243698587774143
2026-02-25 16:40:07.112314,2026-02-25 16:45:07.112314,SHORT,103.10854680380244,102.14722448100258,65.20690499487745,5,60.02057162737604,0.4391708895872694
2026-02-26 00:25:07.112314,2026-02-26 00:25:07.112314,LONG,108.09124599632827,107.7763504046614,62.48671703166417,5,-22.37062785518269,-0.16297030267132492
2026-02-26 01:10:07.112314,2026-02-26 01:25:07.112314,SHORT,110.17155884249206,109.24564558136726,61.19466045853769,5,53.98684755341957,0.39393685721133387
2026-02-26 01:40:07.112314,2026-02-26 02:20:07.112314,SHORT,110.13674262860098,109.27771521625698,61.455149724391916,5,50.10538690289599,0.36417957294052067
2026-02-26 02:25:07.112314,2026-02-26 02:35:07.112314,LONG,109.19027384515212,109.92065210833502,62.226038218009585,5,42.71257503880585,0.3093201258952395
2026-02-26 03:10:07.112314,2026-02-26 03:20:07.112314,SHORT,111.5249008106287,111.8634272128489,61.09964527652529,5,-23.417769381241794,-0.16906614937659384
2026-02-26 03:40:07.112314,2026-02-26 03:40:07.112314,LONG,109.85643246075269,109.5117082903708,61.93512746230965,5,-24.063584076572468,-0.17402286544061166
2026-02-26 04:20:07.112314,2026-02-26 04:20:07.112314,LONG,107.53750843120868,107.1386389237198,63.16058256140665,5,-27.8996059986825,-0.20211591087024197
2026-02-26 04:55:07.112314,2026-02-26 04:55:07.112314,SHORT,109.92157258237982,110.35784331426534,61.65348617661638,5,-29.619189844468774,-0.2150078294344199
2026-02-26 05:20:07.112314,2026-02-26 06:05:07.112314,SHORT,112.68343478334182,113.16495434967764,60.013053245871234,5,-31.614009145821882,-0.22998284734801624
2026-02-26 10:30:07.112314,2026-02-26 10:35:07.112314,SHORT,113.43779753969052,112.33295020947172,59.47686380396436,5,63.04036955147488,0.45965773789622444
2026-02-26 11:05:07.112314,2026-02-26 11:10:07.112314,LONG,110.94831307712485,112.2306214967107,61.103163533650786,5,75.61004265501249,0.5487867459310038
2026-02-26 11:55:07.112314,2026-02-26 12:00:07.112314,SHORT,113.81807136566651,114.28423609241553,59.877430129702304,5,-30.64996439946585,-0.22124693889439914
2026-02-26 13:00:07.112314,2026-02-26 13:35:07.112314,SHORT,114.88567274360268,113.7753880663015,59.18975951305063,5,63.023747897222535,0.45594604222171364
2026-02-26 13:40:07.112314,2026-02-26 13:50:07.112314,LONG,113.78215148478625,113.46093309600823,67.85947593317921,5,-24.87747130609059,-0.1791594869094711
2026-02-26 14:05:07.112314,2026-02-26 14:10:07.112314,LONG,112.18635294164596,113.38599869031717,76.60951860576331,5,88.42970459263172,0.6379850880230383
2026-02-26 15:00:07.112314,2026-02-26 17:00:07.112314,SHORT,115.01149769999999,114.0621459019652,59.666421476337476,5,53.92215248211017,0.3865606481482952
2026-02-26 17:15:07.112314,2026-02-26 17:15:07.112314,LONG,113.97436601998099,113.74342647980176,68.3181642704234,5,-18.885662280472246,-0.13486742471026691
2026-02-26 17:40:07.112314,2026-02-26 17:45:07.112314,LONG,109.0011165738515,108.59420014983823,81.60347132122172,5,-36.75045821613272,-0.2627990076757607
2026-02-26 18:05:07.112314,2026-02-26 18:15:07.112314,LONG,107.14360191309078,108.43498819566939,82.80003381589616,5,103.33545959112259,0.7408890256913272
2026-02-26 18:55:07.112314,2026-02-26 19:05:07.112314,SHORT,109.89475618721976,108.62518181511881,62.89942769148436,5,77.12251670930345,0.5488822678211376
2026-02-27 00:15:07.112314,2026-02-27 00:15:07.112314,LONG,96.39298658236052,95.90285697711194,72.11777735400634,5,-38.11357810075973,-0.2697742429196492
2026-02-27 00:45:07.112314,2026-02-27 00:45:07.112314,LONG,94.49269876020855,94.02508138952679,73.36962834360557,5,-37.068346804545875,-0.2630856593608184
2026-02-27 01:10:07.112314,2026-02-27 03:50:07.112314,LONG,89.9639955,91.65734042219671,89.35784585851486,5,148.03753354405367,1.0534401600888472
2026-02-27 03:55:07.112314,2026-02-27 04:10:07.112314,SHORT,91.70986845857645,90.82078210403428,86.08517408486051,5,73.40982447205732,0.5169411599936242
2026-02-27 05:25:07.112314,2026-02-27 05:25:07.112314,SHORT,91.98401925330823,92.29525260162559,86.27228769513707,5,-30.035822000493084,-0.2104200818725449
2026-02-27 06:20:07.112314,2026-02-27 06:20:07.112314,SHORT,92.91845488599482,93.29559428259776,75.41491098868985,5,-31.256285600522695,-0.21943193633387273
2026-02-27 06:45:07.112314,2026-02-27 07:00:07.112314,LONG,91.22005972130806,90.78148394291497,76.6658016124849,5,-36.40769771354736,-0.2561590556190821
2026-02-27 07:40:07.112314,2026-02-27 08:00:07.112314,LONG,90.84847774964899,91.9859544258252,89.26709309933108,5,98.25470884751468,0.693080662465843
2026-02-27 08:05:07.112314,2026-02-27 08:05:07.112314,SHORT,92.8149197008748,93.1640657790004,75.66117773914816,5,-29.236364649910147,-0.20481141150570023
2026-02-27 08:30:07.112314,2026-02-27 08:30:07.112314,LONG,91.18178558540748,90.71885822196667,76.87396116652243,5,-38.3766273536803,-0.2693940395083522
2026-02-27 09:20:07.112314,2026-02-27 10:15:07.112314,LONG,89.99099819999999,91.13548164953121,90.31245900716492,5,100.06884683993859,0.7043550209269036
2026-02-27 10:20:07.112314,2026-02-27 10:25:07.112314,SHORT,91.37127776962053,90.52001973110727,87.0516874973175,5,70.95148056028287,0.49591349853501837
2026-02-27 10:45:07.112314,2026-02-27 10:50:07.112314,SHORT,91.73100958334058,90.69517258708736,87.14031419940356,5,87.10187897862916,0.6057920768354786
2026-02-27 11:20:07.112314,2026-02-27 11:40:07.112314,SHORT,91.46289705834882,90.48049849667323,77.8043067257332,5,73.61893003643303,0.5089353080410941
2026-02-27 12:20:07.112314,2026-02-27 12:35:07.112314,SHORT,92.26093902827537,91.01277754847116,87.60826538063996,5,106.1598735331813,0.7301780953950577
2026-02-27 13:20:07.112314,2026-02-27 13:20:07.112314,LONG,90.49121415402486,91.48076494777865,79.63304243832533,5,75.88698369892354,0.5181745718922769
2026-02-27 14:40:07.112314,2026-02-27 14:40:07.112314,SHORT,91.69409767939236,92.01679348962742,89.25360485128898,5,-32.086896544209,-0.21796759233192026
2026-02-27 15:05:07.112314,2026-02-27 15:05:07.112314,SHORT,92.31610596162685,92.66367470025926,78.27666727960343,5,-30.107883964088288,-0.20497084946775787
2026-02-27 15:30:07.112314,2026-02-27 15:30:07.112314,LONG,90.41971257471974,90.03334988097207,79.77052491389863,5,-33.693157919304305,-0.2298500886181695
2026-02-27 16:05:07.112314,2026-02-27 16:05:07.112314,SHORT,93.25215239256433,93.64573464788037,77.15436000901578,5,-33.25665770954724,-0.22739501186686528
2026-02-28 00:20:07.112314,2026-02-28 00:25:07.112314,SHORT,90.96247920544421,90.16106147058198,78.91659902686924,5,60.39908030077983,0.41392470451641417
2026-02-28 00:45:07.112314,2026-02-28 00:45:07.112314,SHORT,90.96045740231781,91.23703558487301,79.2450156878337,5,-24.8094745419931,-0.16932248982390666
2026-02-28 01:15:07.112314,2026-02-28 01:15:07.112314,SHORT,91.93323063709454,92.19291750514789,88.4556904192797,5,-26.232776474353724,-0.17934006385709816
2026-02-28 02:40:07.112314,2026-02-28 04:20:07.112314,LONG,89.97740823713697,90.71752140913065,92.83106911100616,5,65.33693521950762,0.4474776860402464
2026-02-28 04:25:07.112314,2026-02-28 04:30:07.112314,SHORT,90.83666184872989,90.1551836874962,100.09525793773697,5,64.60308978137076,0.4404806941048317
2026-02-28 04:55:07.112314,2026-02-28 04:55:07.112314,SHORT,91.72381452696342,90.95178289426306,89.28622184731907,5,65.68349120446989,0.4458831233565466
2026-02-28 06:35:07.112314,2026-02-28 06:35:07.112314,SHORT,91.17080965971789,90.30728333985047,79.8423285924833,5,66.06181466282631,0.44646062625209915
2026-02-28 07:30:07.112314,2026-02-28 07:30:07.112314,SHORT,91.42345716211027,90.43664237960164,90.3806984996025,5,85.91951856957255,0.5780825519226027
2026-02-28 08:00:07.112314,2026-02-28 08:00:07.112314,SHORT,91.306226944093,91.69814223762778,80.54277706454343,5,-34.52019532634807,-0.23092338717347055
2026-02-28 08:35:07.112314,2026-02-28 09:05:07.112314,LONG,90.24328796566502,89.84411337212356,81.31953711807073,5,-35.38312586096736,-0.2372438259758922
2026-02-28 09:10:07.112314,2026-02-28 09:15:07.112314,LONG,89.99099819999999,91.08910752553473,81.35404999438325,5,86.37145384582094,0.5804977126559365
2026-02-28 12:20:07.112314,2026-02-28 12:20:07.112314,SHORT,92.75634975722765,93.19531480661809,79.37093915044758,5,-37.79986808859041,-0.2525845526511289
2026-02-28 13:30:07.112314,2026-02-28 13:30:07.112314,LONG,90.81259599304329,90.44256678110071,80.88120041282045,5,-32.85444819759464,-0.22009441815816275
2026-02-28 13:55:07.112314,2026-02-28 13:55:07.112314,LONG,90.5636362627355,90.23609464722337,80.92503872423896,5,-29.427261700579326,-0.1975702793484143
2026-02-28 14:40:07.112314,2026-02-28 15:05:07.112314,LONG,90.31551555598888,89.91331542720229,80.987038228857,5,-35.48572245120514,-0.23871752295518248
2026-02-28 16:30:07.112314,2026-02-28 16:30:07.112314,SHORT,91.39505449565758,90.49933915649412,90.20695838394107,5,77.5342882753502,0.5228323229476578
2026-02-28 17:00:07.112314,2026-02-28 17:15:07.112314,SHORT,91.22293949620749,90.08218218721638,90.84967746634635,5,100.36385871035047,0.6732575898055851
2026-02-28 17:50:07.112314,2026-02-28 17:55:07.112314,SHORT,91.69106848306701,92.02542457447558,90.99437375970479,5,-33.77404150211519,-0.22504678789135088
2026-02-28 18:15:07.112314,2026-02-28 18:15:07.112314,SHORT,92.59555926776034,91.48526320025573,79.5542267657212,5,85.417529381608,0.5704469452476482
2026-02-28 18:40:07.112314,2026-02-28 19:10:07.112314,LONG,90.19145398198675,91.3147184367402,82.15713174920421,5,89.28332365707682,0.5928819406710684
